"","dev1","pD","dic.pD"
"1",91.268821570888,3.07915456010101,94.347976130989
