"","dev1","pD","dic.pD"
"1",80.6934067291839,4.53240924569743,85.2258159748813
