"","MSY","S.eq","S.max","S.msy","U.msy","alpha","alpha.c","beta","lnalpha","lnalpha.c","resid.red.0","sigma.red","sigma.white","tau.red","tau.white"
"Lag 0",1,1,1,1,1,1,1,1,1,1,1,1,1,1,1
"Lag 1000",0.00861443797530063,0.00182242994400752,-0.000899420449646123,-0.0000710214056355588,0.00563952146903278,0.00542944786043992,0.00400937787433199,0.00189102114537779,0.00455966518988454,0.00516622254572125,0.0153518487014435,0.0131126953920458,0.0131126953920458,0.0188796109094116,0.0188796109094116
"Lag 5000",0.0078073304561961,0.00927375441485596,0.0070399256771867,0.00841337005499766,0.00215838702041054,0.000909912259096238,0.00472766949873901,0.00439015367312396,-0.00010465351145027,0.00330046112680112,0.00182365682587612,-0.0105149655213633,-0.0105149655213633,-0.0112600110453516,-0.0112600110453516
"Lag 10000",0.00407272964259753,-0.00237842062728883,-0.00522508845709266,-0.00384758762046181,-0.00530560505957033,0.00271664977787595,-0.00081191511797522,0.00167469007190485,0.00144254025356122,-0.00329797641363686,0.00455450548499447,-0.0218642017119487,-0.0218642017119487,-0.0232100540220163,-0.0232100540220163
"Lag 50000",0.00199516498239716,-0.00907487086793874,-0.0115736088540106,-0.0113715629858199,-0.000449306151510954,-0.00804862310417858,-0.00909411623304333,-0.0157689691814353,-0.00730775175481943,-0.00435803051696679,-0.0105987992152687,0.00577551524709527,0.00577551524709526,0.00675450801850326,0.00675450801850326
