"","MSY","S.eq","S.max","S.msy","U.msy","alpha","beta","lnalpha","lnalpha.c","resid.red.0","sigma.red","sigma.white"
"Lag 0",1,1,1,1,1,1,1,1,1,1,1,1
"Lag 1000",-0.00545528671814292,0.0123637263337539,0.00761290154888458,0.011499818726371,-0.0115901939695557,-0.00719398534068529,0.00529801425983324,-0.0133131800364029,-0.00970949100351608,-0.022690756672738,-0.00730284326435508,-0.00773815003114469
"Lag 5000",-0.00225314056564566,-0.00490694566352602,0.000384194845261211,-0.000960759709052661,0.00171079632739099,0.00696023724478313,-0.00179177083120198,0.00505396187375357,-0.000529037316538658,-0.00928690167686973,-0.0185718456378724,-0.00740180956671698
"Lag 10000",-0.00826412387530187,-0.00689587470001092,0.00217398297557848,-0.0000615787601518063,-0.00327943392373456,0.00364011654324355,-0.00271422664968756,0.00832365930324706,0.00474295070191927,-0.0104629268817879,-0.00890401980678799,-0.00528319741571554
"Lag 50000",-0.00241851874536025,-0.00835099363489111,-0.00420987422019259,-0.00607015349078802,-0.00620770124934839,-0.00437676531565787,-0.0058614517415064,-0.0116378129739794,-0.0125303051303012,-0.00310097919408554,-0.0111280588083129,-0.0134098025363415
