"","MSY","S.eq","S.max","S.msy","U.msy","alpha","beta","lnalpha","lnalpha.c","resid.red.0","sigma.red","sigma.white"
"Lag 0",1,1,1,1,1,1,1,1,1,1,1,1
"Lag 1000",0.0109188907060984,0.00397293681315496,0.00255560956048582,0.00211132268937266,0.00131568585324178,-0.0128707465359391,0.00567899491462241,-0.0143917971046858,-0.00781060331238996,-0.00311328685245336,-0.00174688369159352,-0.000342931058779542
"Lag 5000",0.00302459819469502,0.00549422204539703,0.0123532589600033,0.0105551706976306,0.0071060490078635,0.0107588581922013,-0.00143498834902182,0.00824524600017075,0.00757109906068155,0.00569703775383304,0.0124924528110788,0.00463505788132993
"Lag 10000",-0.0135011997816455,0.00227355237731596,0.00903537060890091,0.0005656243262606,-0.0000126766800391624,-0.000517984430873817,0.0016430629052679,0.00437441943134056,-0.00523514683871669,0.00138159102217989,-0.00905564536442259,-0.00403751207980889
"Lag 50000",-0.00427333449152512,0.00990679118118183,0.0122469029678192,0.00804382347587838,0.00505520747067323,0.0164073407819605,0.0177326911475942,0.0139273180528979,-0.0029423995800483,-0.00633772731751812,0.00307762140613274,-0.00632965973163475
